filename,label
_JWO0007_cr,Stork-billed_Kingfisher
_JWO0008_cr,Banded_Woodpecker
_JWO0019_cr,Banded_Woodpecker
_JWO0044_cr,Common_Redshank
_JWO0046_cr,Common_Redshank
_JWO0050_cr,Common_Redshank
_JWO0067_cr,Banded_Woodpecker
_JWO0081_cr,Banded_Woodpecker
_JWO0084_cr,Banded_Woodpecker
_JWO0086_cr,Common_Redshank
_JWO0103_cr,Banded_Woodpecker
_JWO0108_cr,Banded_Woodpecker
_JWO0114_cr,Banded_Woodpecker
_JWO0126_cr,Banded_Woodpecker
_JWO0129_cr,Banded_Woodpecker
_JWO0131a_cr,Common_Redshank
_JWO0174_cr,Banded_Woodpecker
_JWO0176_cr,Banded_Woodpecker
_JWO0178_cr,Banded_Woodpecker
_JWO0182_cr,Banded_Woodpecker
_JWO0194_cr,Banded_Woodpecker
_JWO0197_cr,Banded_Woodpecker
_JWO0202_cr,Banded_Woodpecker
_JWO0256_cr,Brown-throated_Sunbird
_JWO0266_cr,Brown-throated_Sunbird
_JWO0283_cr,Brown-throated_Sunbird
_JWO0284_cr,Stork-billed_Kingfisher
_JWO0299_cr,Brown-throated_Sunbird
_JWO0302_cr,Grey-headed_Fish_Eagle
_JWO0323_cr,Brown-throated_Sunbird
_JWO0328_cr,Brown-throated_Sunbird
_JWO0334_cr,Brown-throated_Sunbird
_JWO0343_cr,Grey-headed_Fish_Eagle
_JWO0344_cr,Grey-headed_Fish_Eagle
_JWO0346_cr,Grey-headed_Fish_Eagle
_JWO0347_cr,Grey-headed_Fish_Eagle
_JWO0348_cr,Grey-headed_Fish_Eagle
_JWO0365_cr,White-bellied_Sea_Eagle
_JWO0373_cr,White-bellied_Sea_Eagle
_JWO0375_cr,White-bellied_Sea_Eagle
_JWO0378_cr,White-bellied_Sea_Eagle
_JWO0379_cr,White-bellied_Sea_Eagle
_JWO0424_cr,Straw-headed_Bulbul
_JWO0439_cr,White-bellied_Sea_Eagle
_JWO0440_cr,White-bellied_Sea_Eagle
_JWO0441_cr,White-bellied_Sea_Eagle
_JWO0442_cr,White-bellied_Sea_Eagle
_JWO0443_cr,White-bellied_Sea_Eagle
_JWO0444_cr,White-bellied_Sea_Eagle
_JWO0445_cr,White-bellied_Sea_Eagle
_JWO0446_cr,White-bellied_Sea_Eagle
_JWO0447_cr,White-bellied_Sea_Eagle
_JWO0459_cr,Orange-bellied_Woodpecker
_JWO0463_cr,Orange-bellied_Woodpecker
_JWO0495_cr,White-bellied_Sea_Eagle
_JWO0526_cr,Brahmini_Kite
_JWO0528_cr,Brahmini_Kite
_JWO066_cr,Orange-bellied_Woodpecker
_JWO0713_cr,Black-crowned_Night_Heron
_JWO0872_cr,Pin-tailed_Whydah
_JWO0873_cr,Black-crowned_Night_Heron
_JWO0874_cr,Black-crowned_Night_Heron
_JWO0899_cr,Black-crowned_Night_Heron
_JWO0920_cr,Pin-tailed_Whydah
_JWO0943_cr,Pin-tailed_Whydah
_JWO0949_cr,Common_Kingfisher
_JWO1018_cr,Black-crowned_Night_Heron
_JWO1038_cr,Black-crowned_Night_Heron
_JWO1045_cr,Black-crowned_Night_Heron
_JWO1054_cr,Black-crowned_Night_Heron
_JWO1063_cr,Black-crowned_Night_Heron
_JWO1079_cr,Black-crowned_Night_Heron
_JWO1095_cr,Black-crowned_Night_Heron
_JWO1100_cr,Black-crowned_Night_Heron
_JWO1129_cr,Black-crowned_Night_Heron
_JWO1192_cr,Golden-backed_Weaver
_JWO1193_cr,Golden-backed_Weaver
_JWO1193a_cr,Black-crowned_Night_Heron
_JWO1201_cr,Golden-backed_Weaver
_JWO1212_cr,Golden-backed_Weaver
_JWO1277_cr,Oriental_Magpie_Robin
_JWO1280_cr,Oriental_Magpie_Robin
_JWO1283a_cr,Oriental_Magpie_Robin
_JWO1305_cr,Golden-backed_Weaver
_JWO1308_cr,Golden-backed_Weaver
_JWO1338_cr,Golden-backed_Weaver
_JWO1349_cr,Golden-backed_Weaver
_JWO1350_cr,Golden-backed_Weaver
_JWO1351_cr,Golden-backed_Weaver
_JWO1368_cr,Common_Kingfisher
_JWO1369_cr,Common_Kingfisher
_JWO1403_1_cr,Common_Kingfisher
_JWO1403_cr,Common_Kingfisher
_JWO1424_cr,Common_Kingfisher
_JWO1450_cr,Yellow_Bittern
_JWO1459_cr,Yellow_Bittern
_JWO1463_cr,Yellow_Bittern
_JWO1477_cr_cr,Yellow_Bittern
_JWO1482_cr,White-tailed_Sea_Eagle
_JWO1483_cr,Yellow_Bittern
_JWO1484_cr,Yellow_Bittern
_JWO1485_cr,Yellow_Bittern
_JWO1486_cr,Yellow_Bittern
_JWO1506_cr,Yellow_Bittern
_JWO1545_cr,Golden-backed_Weaver
_JWO1548_cr,Yellow_Bittern
_JWO1589_cr,Golden-backed_Weaver
_JWO1604_cr,Olive-backed_Sunbird
_JWO1637_cr,Golden-backed_Weaver
_JWO1651_cr,Olive-backed_Sunbird
_JWO1682_cr,Olive-backed_Sunbird
_JWO1696_cr,Olive-backed_Sunbird
_JWO1705_cr,Olive-backed_Sunbird
_JWO1711_cr,Olive-backed_Sunbird
_JWO1734_cr,Olive-backed_Sunbird
_JWO1737_cr,Olive-backed_Sunbird
_JWO1745_cr,Lesser_Whistling_Duck
_JWO1747_cr,Olive-backed_Sunbird
_JWO1789_cr,Olive-backed_Sunbird
_JWO1818_cr,Olive-backed_Sunbird
_JWO1841_cr,Malayan_Pied_Fantail
_JWO1848_cr,Lesser_Whistling_Duck
_JWO1853_cr,Malayan_Pied_Fantail
_JWO1857_cr,Lesser_Whistling_Duck
_JWO1858_cr,White-tailed_Sea_Eagle
_JWO1862_cr,White-tailed_Sea_Eagle
_JWO1871_cr,White-tailed_Sea_Eagle
_JWO1871a_cr,Lesser_Whistling_Duck
_JWO1876_cr,Lesser_Whistling_Duck
_JWO1891_cr,Malayan_Pied_Fantail
_JWO1901_cr,Lesser_Whistling_Duck
_JWO1902_cr,Zitting_Cisticola
_JWO1922_cr,Malayan_Pied_Fantail
_JWO1929_cr,Zitting_Cisticola
_JWO1934_cr,Zitting_Cisticola
_JWO1950_cr,Malayan_Pied_Fantail
_JWO1953_cr,Zitting_Cisticola
_JWO1959_cr,Zitting_Cisticola
_JWO1960_cr,Malayan_Pied_Fantail
_JWO1962_cr,Zitting_Cisticola
_JWO1964_cr,Lesser_Whistling_Duck
_JWO1967_cr,Lesser_Whistling_Duck
_JWO1970_cr,Malayan_Pied_Fantail
_JWO1976_cr,Malayan_Pied_Fantail
_JWO1977_cr,Lesser_Whistling_Duck
_JWO1981_cr,Lesser_Whistling_Duck
_JWO1981a_cr,Lesser_Whistling_Duck
_JWO1988_cr,Zitting_Cisticola
_JWO2004_cr,Lesser_Whistling_Duck
_JWO2023_cr,White-winged_Tern
_JWO2024_cr,White-winged_Tern
_JWO2025_cr,White-winged_Tern
_JWO2026a_cr,White-tailed_Sea_Eagle
_JWO2026_cr,White-winged_Tern
_JWO2027_cr,White-winged_Tern
_JWO2028_cr,White-winged_Tern
_JWO2029_cr,White-winged_Tern
_JWO2029a_cr,White-tailed_Sea_Eagle
_JWO2030_cr,White-winged_Tern
_JWO2031_cr,White-winged_Tern
_JWO2032_cr,White-winged_Tern
_JWO2033_cr,White-winged_Tern
_JWO2034_cr,White-winged_Tern
_JWO2035_cr,White-winged_Tern
_JWO2035a_cr,Zitting_Cisticola
_JWO2036b_cr,Lesser_Whistling_Duck
_JWO2036_cr,White-winged_Tern
_JWO2036a_cr,Zitting_Cisticola
_JWO2037_cr,White-winged_Tern
_JWO2039_cr,White-winged_Tern
_JWO2047_cr,Zitting_Cisticola
_JWO2048_cr,Zitting_Cisticola
_JWO2058_cr,Zitting_Cisticola
_JWO2059_cr,Zitting_Cisticola
_JWO2060_cr,Zitting_Cisticola
_JWO2074_cr,Zitting_Cisticola
_JWO2078_cr,Zitting_Cisticola
_JWO2079_cr,Zitting_Cisticola
_JWO2091_cr,Zitting_Cisticola
_JWO2094_cr,Zitting_Cisticola
_JWO2099_cr,Zitting_Cisticola
_JWO2117_1_cr,Lesser_Whistling_Duck
_JWO2117_cr,Lesser_Whistling_Duck
_JWO2126_cr,Stellar_Sea_Eagle
_JWO2127_cr,Stellar_Sea_Eagle
_JWO2133_cr,Slaty-breasted_Rail
_JWO2141_cr,Slaty-breasted_Rail
_JWO2144_cr,Lesser_Whistling_Duck
_JWO2152_cr,Slaty-breasted_Rail
_JWO2156_cr,Lesser_Whistling_Duck
_JWO2160_cr,Slaty-breasted_Rail
_JWO2163_cr,Slaty-breasted_Rail
_JWO2165_cr,Slaty-breasted_Rail
_JWO2180_cr,Slaty-breasted_Rail
_JWO2187_cr,Slaty-breasted_Rail
_JWO2214_cr,Lesser_Whistling_Duck
_JWO2216_cr,Slaty-breasted_Rail
_JWO2217_cr,Lesser_Whistling_Duck
_JWO2224_cr,Slaty-breasted_Rail
_JWO2227_cr,Slaty-breasted_Rail
_JWO2244_cr,Slaty-breasted_Rail
_JWO2278_cr,White-winged_Tern
_JWO2297_cr,Lesser_Whistling_Duck
_JWO2302_cr,White-winged_Tern
_JWO2321_cr,White-winged_Tern
_JWO2322_cr,White-winged_Tern
_JWO2323_cr,White-winged_Tern
_JWO2324_cr,White-winged_Tern
_JWO2325_cr,White-winged_Tern
_JWO2326_cr,White-winged_Tern
_JWO2327_cr,White-winged_Tern
_JWO2328_cr,White-winged_Tern
_JWO2328a_cr,Slaty-breasted_Rail
_JWO2329_cr,White-winged_Tern
_JWO2330_cr,White-winged_Tern
_JWO2331_cr,White-winged_Tern
_JWO2332_cr,White-winged_Tern
_JWO2333_cr,White-winged_Tern
_JWO2334_cr,White-winged_Tern
_JWO2335_cr,White-winged_Tern
_JWO2336_cr,White-winged_Tern
_JWO2350_1_cr,Lesser_Whistling_Duck
_JWO2350_cr,Lesser_Whistling_Duck
_JWO2403_cr,Lesser_Whistling_Duck
_JWO2442_cr,White-winged_Tern
_JWO2455_cr,Slaty-breasted_Rail
_JWO2456_cr,Lesser_Whistling_Duck
_JWO2495_cr,Rose-ringed_Parakeet
_JWO2496_cr,Rose-ringed_Parakeet
_JWO2498_cr,Rose-ringed_Parakeet
_JWO2511_cr,Rose-ringed_Parakeet
_JWO2523_cr,Rose-ringed_Parakeet
_JWO2526_cr,Slaty-breasted_Rail
_JWO2532_cr,Rose-ringed_Parakeet
_JWO2533_cr,Rose-ringed_Parakeet
_JWO2534_cr,Rose-ringed_Parakeet
_JWO2535_cr,Slaty-breasted_Rail
_JWO2546_cr,Slaty-breasted_Rail
_JWO2551_cr,Slaty-breasted_Rail
_JWO2562_cr,Tiger_Shrike
_JWO2567_cr,Tiger_Shrike
_JWO2573_cr,Oriental_Dollarbird
_JWO2583_cr,Purple_Heron
_JWO2588_cr,Oriental_Dollarbird
_JWO2593_cr,Purple_Heron
_JWO2599_cr,Purple_Heron
_JWO2610_cr,Purple_Heron
_JWO2616_cr,Purple_Heron
_JWO2616a_cr,Oriental_Dollarbird
_JWO2622_cr,Purple_Heron
_JWO2670_cr,Oriental_Dollarbird
_JWO2714_cr,Amur_Asian_Paradise_Flycatcher
_JWO2742_cr,Amur_Asian_Paradise_Flycatcher
_JWO2744_cr,Amur_Asian_Paradise_Flycatcher
_JWO2777_cr,Amur_Asian_Paradise_Flycatcher
_JWO2831_cr,Red_Junglefowl
_JWO2854_cr,Swiftlet
_JWO2890_cr,Swiftlet
_JWO2901_cr,Swiftlet
_JWO3018_cr,Blue-crowned_Hanging_Parrot
_JWO3019_cr,Blue-crowned_Hanging_Parrot
_JWO3020_cr,Blue-crowned_Hanging_Parrot
_JWO3062_cr,Blue-crowned_Hanging_Parrot
_JWO3068_cr,Blue-crowned_Hanging_Parrot
_JWO3089_cr,Blue-crowned_Hanging_Parrot
_JWO3107_cr,Blue-crowned_Hanging_Parrot
_JWO3117_cr,Blue-crowned_Hanging_Parrot
_JWO3120_cr,Blue-crowned_Hanging_Parrot
_JWO3123_cr,Blue-crowned_Hanging_Parrot
_JWO3128_cr,Blue-crowned_Hanging_Parrot
_JWO3129_cr,Blue-crowned_Hanging_Parrot
_JWO3133_cr,Blue-crowned_Hanging_Parrot
_JWO3171_cr,Swiftlet
_JWO3183_cr,White-collared_Kingfisher
_JWO3205_cr,White-collared_Kingfisher
_JWO3219_cr,White-collared_Kingfisher
_JWO3222_cr,White-collared_Kingfisher
_JWO3227_cr,White-collared_Kingfisher
_JWO3290_cr,Paddyfield_Pipit
_JWO3293_cr,Paddyfield_Pipit
_JWO3303_cr,Paddyfield_Pipit
_JWO3304_cr,Paddyfield_Pipit
_JWO3305_cr,Paddyfield_Pipit
_JWO3309_cr,Paddyfield_Pipit
_JWO3314_cr,Paddyfield_Pipit
_JWO3328_cr,Paddyfield_Pipit
_JWO3331_cr,Paddyfield_Pipit
_JWO3331_cr1_cr,Wimbrel
_JWO3332_cr,Paddyfield_Pipit
_JWO3341_cr,Paddyfield_Pipit
_JWO3384_cr,White-breasted_Waterhen
_JWO3394_cr,White-breasted_Waterhen
_JWO3399_cr,White-breasted_Waterhen
_JWO3408_cr,White-breasted_Waterhen
_JWO3421_cr,White-breasted_Waterhen
_JWO3426_cr,White-breasted_Waterhen
_JWO3435_cr,Wimbrel
_JWO3435a_cr,Wimbrel
_JWO3436_cr,White-breasted_Waterhen
_JWO3445,White-breasted_Waterhen
_JWO3445_cr,White-breasted_Waterhen
_JWO3454_cr,White-breasted_Waterhen
_JWO3456_cr,White-breasted_Waterhen
_JWO3458_cr,Little_Tern
_JWO3459_cr,White-breasted_Waterhen
_JWO3460_cr,White-breasted_Waterhen
_JWO3470_cr,White-breasted_Waterhen
_JWO3546_cr,White-breasted_Waterhen
_JWO3552_cr,Grey_Heron
_JWO3559_cr,White-breasted_Waterhen
_JWO3564_cr,White-breasted_Waterhen
_JWO3583_cr,Little_Tern
_JWO3610_cr,Common_Kingfisher
_JWO3616_cr,Common_Kingfisher
_JWO3619_cr,Common_Kingfisher
_JWO3649_cr,Little_Tern
_JWO3649a_cr,Little_Tern
_JWO3664_cr,Little_Tern
_JWO3666_cr,Common_Kingfisher
_JWO3687_cr,Common_Kingfisher
_JWO3689_cr,Common_Kingfisher
_JWO3690_cr,White-breasted_Waterhen
_JWO3692_cr,White-breasted_Waterhen
_JWO3695_cr,Common_Kingfisher
_JWO3697_cr,White-breasted_Waterhen
_JWO3697_cr_cr,Pied_Triller
_JWO3703_cr,Grey-headed_Fish_Eagle
_JWO3704_cr,Grey-headed_Fish_Eagle
_JWO3704a_cr,White-breasted_Waterhen
_JWO3710_cr,White-breasted_Waterhen
_JWO3713_cr,Common_Kingfisher
_JWO3726_cr,Common_Kingfisher
_JWO3730_cr,Common_Kingfisher
_JWO3752_cr,Grey-headed_Fish_Eagle
_JWO3759_cr,Grey-headed_Fish_Eagle
_JWO3771_cr,Greater_Racket-tailed_Drongo
_JWO3783_cr,White-breasted_Waterhen
_JWO3799_cr,White-breasted_Waterhen
_JWO3813_cr,Greater_Racket-tailed_Drongo
_JWO3816_cr,White-breasted_Waterhen
_JWO3839_cr,White-breasted_Waterhen
_JWO3846_cr,White-breasted_Waterhen
_JWO3849_cr,White-breasted_Waterhen
_JWO3853_cr,Greater_Racket-tailed_Drongo
_JWO3854_cr,White-breasted_Waterhen
_JWO3867_cr,Greater_Racket-tailed_Drongo
_JWO3867a_cr,White-breasted_Waterhen
_JWO3875_cr,Greater_Racket-tailed_Drongo
_JWO3876_cr,White-breasted_Waterhen
_JWO3878_cr,White-breasted_Waterhen
_JWO3894_cr,Grey_Heron
_JWO3901_cr,White-breasted_Waterhen
_JWO3903_cr,Greater_Racket-tailed_Drongo
_JWO3905_cr,White-breasted_Waterhen
_JWO3912_cr,White-breasted_Waterhen
_JWO3943_cr,White-breasted_Waterhen
_JWO3944_cr,White-breasted_Waterhen
_JWO3954_cr,White-breasted_Waterhen
_JWO3977_cr,White-breasted_Waterhen
_JWO3982_cr,Tiger_Shrike
_JWO3995_cr,White-breasted_Waterhen
_JWO3996_cr,White-breasted_Waterhen
_JWO4004_cr,Tiger_Shrike
_JWO4023_cr,Tiger_Shrike
_JWO4032_cr,White-breasted_Waterhen
_JWO4155_cr,Grey_Heron
_JWO4161_cr,Black-crowned_Night_Heron
_JWO4174_cr,Black-crowned_Night_Heron
_JWO4183_cr,Blyth's_Asian_Paradise_Flycatcher
_JWO4184_cr,Blyth's_Asian_Paradise_Flycatcher
_JWO4260_cr,Pied_Triller
_JWO4269_cr,Pied_Triller
_JWO4302_1_cr,Painted_Stork
_JWO4309_cr,Painted_Stork
_JWO4335_cr,Pied_Triller
_JWO4357_cr,Blue-winged_Pita
_JWO4363_cr,Pied_Triller
_JWO4364_cr,Pied_Triller
_JWO4389_cr,Pied_Triller
_JWO4424_cr,Pied_Triller
_JWO4425_cr,Pied_Triller
_JWO4425a_cr,Blue-winged_Pita
_JWO4441_cr,Pied_Triller
_JWO4449_cr,Pied_Triller
_JWO4524_cr,Grey_Heron
_JWO4587_cr,Blue-winged_Pita
_JWO4589_cr,Blue-winged_Pita
_JWO4591_cr,Sunda_Scoops_Owl
_JWO4591a_cr,Blue-winged_Pita
_JWO4596_cr,Sunda_Scoops_Owl
_JWO4602_cr,Sunda_Scoops_Owl
_JWO4607_cr,Sunda_Scoops_Owl
_JWO4618_cr,Sunda_Scoops_Owl
_JWO4620_cr,Blue-winged_Pita
_JWO4626_cr,Yellow-vented_Bulbul
_JWO4627_cr,Little_Tern
_JWO4635_cr,Yellow-vented_Bulbul
_JWO4656_cr,Little_Tern
_JWO4664_cr,Little_Tern
_JWO4671_cr,Yellow-vented_Bulbul
_JWO4672_cr,Blue-winged_Pita
_JWO4676_cr,Yellow-vented_Bulbul
_JWO4678_cr,Blue-winged_Pita
_JWO4688_cr,Little_Tern
_JWO4692_cr,Blue-winged_Pita
_JWO4693_cr,Blue-winged_Pita
_JWO4700_cr,Yellow-vented_Bulbul
_JWO4701_cr,Little_Tern
_JWO4708_cr,Yellow-vented_Bulbul
_JWO4711_cr,Yellow-vented_Bulbul
_JWO4722_cr,Zappey's_Flycatcher
_JWO4725_cr,Zappey's_Flycatcher
_JWO4726_cr,Little_Tern
_JWO4729_cr,Yellow-vented_Bulbul
_JWO4729a_cr,Zappey's_Flycatcher
_JWO4732_cr,Little_Tern
_JWO4760_cr,Common_Flamebacked_Woodpecker
_JWO4776_cr,Little_Tern
_JWO4781_cr,Oriental_Pied_Hornbill
_JWO4786_cr,Oriental_Pied_Hornbill
_JWO4786a_cr,Yellow-vented_Bulbul
_JWO4790_cr,Oriental_Pied_Hornbill
_JWO4791_cr,Yellow-vented_Bulbul
_JWO4794_cr,Yellow-vented_Bulbul
_JWO4799_cr,Yellow-vented_Bulbul
_JWO4800_cr,Yellow-vented_Bulbul
_JWO4800a_cr,Oriental_Pied_Hornbill
_JWO4810_cr,Little_Tern
_JWO4811_cr,Little_Tern
_JWO4814_cr,Little_Tern
_JWO4817_cr,Yellow-vented_Bulbul
_JWO4823_cr,Yellow-vented_Bulbul
_JWO4829_cr,Little_Tern
_JWO4831_cr,Little_Tern
_JWO4833_cr,Common_Kingfisher
_JWO4834_cr,Common_Kingfisher
_JWO4837_cr,Yellow-vented_Bulbul
_JWO4851_cr,Common_Kingfisher
_JWO4858_cr,Yellow-vented_Bulbul
_JWO4883_cr,Little_Tern
_JWO4923_cr,Oriental_Magpie_Robin
_JWO4971_cr,Oriental_Magpie_Robin
_JWO4983_cr,Oriental_Magpie_Robin
_JWO4989_cr,Oriental_Magpie_Robin
_JWO5080_cr,Blue-eared_Kingfisher
_JWO5084_cr,Blue-eared_Kingfisher
_JWO5087_cr,Blue-eared_Kingfisher
_JWO5089_cr,Black_Baza
_JWO5090_cr,Black_Baza
_JWO5093_cr,Black_Baza
_JWO5108_cr,Black_Baza
_JWO5109_cr,Black_Baza
_JWO5111_cr,Black_Baza
_JWO5114_cr,Black_Baza
_JWO5121_cr,Black_Baza
_JWO5130_cr,Jerdons_Baza
_JWO5137_cr,Jerdons_Baza
_JWO5151_cr,Jerdons_Baza
_JWO5151_cr_cr,Jerdons_Baza
_JWO5168_cr,Jerdons_Baza
_JWO5186a_cr,Sunda_Pygmy_Woodpecker
_JWO5188_cr,Sunda_Pygmy_Woodpecker
_JWO5192_cr,Jerdons_Baza
_JWO5193_cr,Jerdons_Baza
_JWO5193a_cr,Sunda_Pygmy_Woodpecker
_JWO5193b_cr,Sunda_Pygmy_Woodpecker
_JWO5201,Jerdons_Baza
_JWO5215_1_cr,Sunda_Pygmy_Woodpecker
_JWO5215_cr,Sunda_Pygmy_Woodpecker
_JWO5253_1_cr,Sunda_Scoops_Owl
_JWO5259_cr,Sunda_Scoops_Owl
_JWO5260a_cr,Sunda_Scoops_Owl
_JWO5263a_cr,Sunda_Scoops_Owl
_JWO5266_cr,Sunda_Pygmy_Woodpecker
_JWO5273_2_cr,Sunda_Scoops_Owl
_JWO5277_cr,Sunda_Scoops_Owl
_JWO5296_cr,Sunda_Pygmy_Woodpecker
_JWO5310_cr,Red-Crowned_Crane
_JWO5311_cr,Red-Crowned_Crane
_JWO5316_cr,Olive-backed_Sunbird
_JWO5328_cr,Olive-backed_Sunbird
_JWO5328a_cr,Jerdons_Baza
_JWO5329_1_cr,Olive-backed_Sunbird
_JWO5329_cr,Olive-backed_Sunbird
_JWO5334_cr,Jerdons_Baza
_JWO5337_1_cr,Olive-backed_Sunbird
_JWO5339_cr,Lesser_Egret
_JWO5345_cr,Olive-backed_Sunbird
_JWO5347_cr,Lesser_Egret
_JWO5348_cr,Lesser_Egret
_JWO5363_cr,Jerdons_Baza
_JWO5366_1_cr,Olive-backed_Sunbird
_JWO5366_cr,Lesser_Egret
_JWO5367_cr,Olive-backed_Sunbird
_JWO5367a_cr,Jerdons_Baza
_JWO5368_cr,Olive-backed_Sunbird
_JWO5369_cr,Olive-backed_Sunbird
_JWO5369a_cr,Jerdons_Baza
_JWO5370_cr,Olive-backed_Sunbird
_JWO5370a_cr,Jerdons_Baza
_JWO5371_cr,Olive-backed_Sunbird
_JWO5379_cr,Jerdons_Baza
_JWO5393_cr,Jerdons_Baza
_JWO5399_cr,Large-tailed_Nightjar
_JWO5456_cr,Large-tailed_Nightjar
_JWO5458_cr,Red-Crowned_Crane
_JWO5470_cr,Large-tailed_Nightjar
_JWO5532_cr,Red-Crowned_Crane
_JWO5543_cr,Brown_Shrike
_JWO5571_cr,Brown_Shrike
_JWO5572_cr,Brown_Shrike
_JWO5610_cr,Oriental_Honey_Buzzard
_JWO5611_cr,Oriental_Honey_Buzzard
_JWO5643_cr,Blue-tailed_Bee-eater
_JWO5644_cr,Blue-tailed_Bee-eater
_JWO5656_cr,Jerdons_Baza
_JWO5675_cr,Jerdons_Baza
_JWO5680_cr,Jerdons_Baza
_JWO5689_cr,Red-Crowned_Crane
_JWO5695_cr,Red-Crowned_Crane
_JWO5696_cr,Red-Crowned_Crane
_JWO5696a_cr,Red-Crowned_Crane
_JWO5698_cr,Red-Crowned_Crane
_JWO5699_cr,Red-Crowned_Crane
_JWO5700_cr,Red-Crowned_Crane
_JWO5702_cr,Red-Crowned_Crane
_JWO5707_cr,Red-Crowned_Crane
_JWO5717_cr,Jerdons_Baza
_JWO5744_cr,Red-Crowned_Crane
_JWO5747_cr,Red-Crowned_Crane
_JWO5747a_cr,Red-Crowned_Crane
_JWO5756_cr,Red-Crowned_Crane
_JWO5759_cr,Red-Crowned_Crane
_JWO5764_cr,Jerdons_Baza
_JWO5777_cr,Red-Crowned_Crane
_JWO5777a_cr,Red-Crowned_Crane
_JWO5816_cr,Jerdons_Baza
_JWO5827_cr,Jerdons_Baza
_JWO5857_cr,Jerdons_Baza
_JWO5925_cr,Masked_Lapwing
_JWO5943_cr,Masked_Lapwing
_JWO5959_cr,Masked_Lapwing
_JWO6001_cr,Masked_Lapwing
_JWO6005_1_cr,Masked_Lapwing
_JWO6006_cr,Masked_Lapwing
_JWO6009_cr,Chinese_Sparrowhawk
_JWO6022_cr,Masked_Lapwing
_JWO6023,Asian_Glossy_Starling
_JWO6025,Asian_Glossy_Starling
_JWO6033_cr,Masked_Lapwing
_JWO6049_cr,Coppersmith_Barbet
_JWO6055_cr,Coppersmith_Barbet
_JWO6057_cr,Coppersmith_Barbet
_JWO6065_cr,Coppersmith_Barbet
_JWO6113_cr,Grey-rumped_Treeswift
_JWO6122_cr,Grey-rumped_Treeswift
_JWO6129_cr,Grey-rumped_Treeswift
_JWO6138_cr,Grey-rumped_Treeswift
_JWO6147_cr,Red-Crowned_Crane
_JWO6149_cr,Red-Crowned_Crane
_JWO6155_cr,Red-Crowned_Crane
_JWO6155a_cr,Sunda_Scoops_Owl
_JWO6160_cr,Sunda_Scoops_Owl
_JWO6161_cr,Grey-rumped_Treeswift
_JWO6163_cr,Sunda_Scoops_Owl
_JWO6168_cr,Grey-rumped_Treeswift
_JWO6170_cr,Sunda_Scoops_Owl
_JWO6173_cr,Sunda_Scoops_Owl
_JWO6175_cr,Sunda_Scoops_Owl
_JWO6176_cr,Grey-rumped_Treeswift
_JWO6223_cr,Grey-rumped_Treeswift
_JWO6224_cr,Grey-rumped_Treeswift
_JWO6230_cr,Grey-rumped_Treeswift
_JWO6238_cr,Grey-rumped_Treeswift
_JWO6243_cr,Grey-rumped_Treeswift
_JWO6246_cr,Grey-rumped_Treeswift
_JWO6256_cr,Grey-rumped_Treeswift
_JWO6263_cr,Grey-rumped_Treeswift
_JWO6270_cr,Grey-rumped_Treeswift
_JWO6287_cr,Grey-rumped_Treeswift
_JWO6299_cr,Grey-rumped_Treeswift
_JWO6307_cr,Grey-rumped_Treeswift
_JWO6318_cr,Red-Crowned_Crane
_JWO6357_cr,Red-Crowned_Crane
_JWO6372_cr,Red-Crowned_Crane
_JWO6377_cr,Red-Crowned_Crane
_JWO6378_cr,Red-Crowned_Crane
_JWO6412_cr,Red-Crowned_Crane
_JWO6412a_cr,Red-Crowned_Crane
_JWO6476_cr,Grey-rumped_Treeswift
_JWO6572_cr,Red-Crowned_Crane
_JWO6580_cr,Red-Crowned_Crane
_JWO6606_cr,Greater_Racket-tailed_Drongo
_JWO6608_cr,Japanese_Tit
_JWO6621_cr,Greater_Racket-tailed_Drongo
_JWO6622_cr,Greater_Racket-tailed_Drongo
_JWO6631_cr,Greater_Racket-tailed_Drongo
_JWO6632_cr,Greater_Racket-tailed_Drongo
_JWO6656_cr,Japanese_Tit
_JWO6706_cr,Greater_Racket-tailed_Drongo
_JWO6716_cr,Greater_Racket-tailed_Drongo
_JWO6772_1_cr,Zanzibar_Red_Bishop
_JWO6783_2_cr,Zanzibar_Red_Bishop
_JWO6797_2_cr,Zanzibar_Red_Bishop
_JWO6827_cr,Japanese_Tit
_JWO6829_cr,Yellow_Oriole
_JWO6833_cr,Yellow_Oriole
_JWO6835_2_cr,Zanzibar_Red_Bishop
_JWO6852_cr,Zanzibar_Red_Bishop
_JWO6853_cr,Zanzibar_Red_Bishop
_JWO6869_cr,Zanzibar_Red_Bishop
_JWO6871_s_cr,Japanese_Tit
_JWO6872_cr,Zanzibar_Red_Bishop
_JWO6880_cr,Zanzibar_Red_Bishop
_JWO6881_cr,Zanzibar_Red_Bishop
_JWO6898_cr_cr,Zanzibar_Red_Bishop
_JWO6902_cr,Zanzibar_Red_Bishop
_JWO6902a_cr,Zanzibar_Red_Bishop
_JWO6928_cr,Red_Junglefowl
_JWO6930_cr,Red-Crowned_Crane
_JWO6930a_cr,Red-Crowned_Crane
_JWO6960_cr,Black_Baza
_JWO6986_cr,Grey_Nightjar
_JWO6992_cr,Blue-throated_Bee-eater
_JWO6994_cr,Blue-throated_Bee-eater
_JWO7010_cr,Blue-throated_Bee-eater
_JWO7014_cr,Blue-throated_Bee-eater
_JWO7019_cr,Asian_Koel
_JWO7024,Asian_Koel
_JWO7027_cr,Asian_Koel
_JWO7033_cr,Grey_Nightjar
_JWO7040_cr,Asian_Koel
_JWO7041_cr,Asian_Koel
_JWO7048_cr,Asian_Koel
_JWO7060_cr,Green_Imperial_Pigeon
_JWO7091_cr,Blue-throated_Bee-eater
_JWO7094_cr,Green_Imperial_Pigeon
_JWO7095_cr,Green_Imperial_Pigeon
_JWO7096_cr,Green_Imperial_Pigeon
_JWO7104_cr,Green_Imperial_Pigeon
_JWO7111_cr,Green_Imperial_Pigeon
_JWO7112_cr,Green_Imperial_Pigeon
_JWO7123_cr,Green_Imperial_Pigeon
_JWO7127_cr,Blue-throated_Bee-eater
_JWO7130_cr,Green_Imperial_Pigeon
_JWO7132_cr,Green_Imperial_Pigeon
_JWO7133_cr,Green_Imperial_Pigeon
_JWO7134_cr,Green_Imperial_Pigeon
_JWO7157_cr,Blue-throated_Bee-eater
_JWO7161_cr,White-throated_Kingfisher
_JWO7165_cr,White-throated_Kingfisher
_JWO7166_cr,Green_Imperial_Pigeon
_JWO7169_cr,Green_Imperial_Pigeon
_JWO7173_cr,Blue-throated_Bee-eater
_JWO7226_cr,Blue-throated_Bee-eater
_JWO7246_cr,Blue-throated_Bee-eater
_JWO7254_cr,Blue-throated_Bee-eater
_JWO7256_cr,Common_Kingfisher
_JWO7257_cr,Common_Kingfisher
_JWO7261_cr,Common_Kingfisher
_JWO7276_cr,Blue-throated_Bee-eater
_JWO7307_cr,Blue-throated_Bee-eater
_JWO7329_cr,Blue-throated_Bee-eater
_JWO7330_cr,Blue-throated_Bee-eater
_JWO7352_cr,Zitting_Cisticola
_JWO7356_cr,Zitting_Cisticola
_JWO7357_cr,Zitting_Cisticola
_JWO7358_cr,Zitting_Cisticola
_JWO7363_cr,Zitting_Cisticola
_JWO7363a_cr,Blue-throated_Bee-eater
_JWO7376_cr,Zitting_Cisticola
_JWO7409_cr,Zitting_Cisticola
_JWO7411_cr,Zitting_Cisticola
_JWO7422_1_cr,Zitting_Cisticola
_JWO7422_cr,Zitting_Cisticola
_JWO7428_cr,Zitting_Cisticola
_JWO7434_1_cr,Zitting_Cisticola
_JWO7436_cr,Zitting_Cisticola
_JWO7445_cr,Zitting_Cisticola
_JWO7450_cr,Zitting_Cisticola
_JWO7450a_cr,Blue-throated_Bee-eater
_JWO7460_cr,Zitting_Cisticola
_JWO7471_cr,Zitting_Cisticola
_JWO7774_cr,Sunda_Pygmy_Woodpecker
_JWO7782_cr,Sunda_Pygmy_Woodpecker
_JWO7799_cr,Sunda_Pygmy_Woodpecker
_JWO7810_cr,Whooper_Swan
_JWO7810a_cr,Whooper_Swan
_JWO7813_cr,Whooper_Swan
_JWO7814_cr,Sunda_Pygmy_Woodpecker
_JWO7821_cr,Whooper_Swan
_JWO7823_cr,Sunda_Pygmy_Woodpecker
_JWO7842_cr,Whooper_Swan
_JWO7848_cr,Sunda_Pygmy_Woodpecker
_JWO7873_cr,Whooper_Swan
_JWO7888_cr,Whooper_Swan
_JWO7894_cr,Whooper_Swan
_JWO7937_cr,Grey-headed_Fish_Eagle
_JWO7938_cr,Whooper_Swan
_JWO7940_cr,Grey-headed_Fish_Eagle
_JWO7940a_cr,Whooper_Swan
_JWO7978_cr,Mallard_Duck
_JWO7979_cr,Mallard_Duck
_JWO8035_cr,Grey-headed_Fish_Eagle
_JWO8046_cr,Grey-headed_Fish_Eagle
_JWO8047_cr,Grey-headed_Fish_Eagle
_JWO8084_cr,Grey-headed_Fish_Eagle
_JWO8086_cr,Grey-headed_Fish_Eagle
_JWO8087_cr,Grey-headed_Fish_Eagle
_JWO8088_cr,Grey-headed_Fish_Eagle
_JWO8089_cr,Grey-headed_Fish_Eagle
_JWO8148_cr,Grey_Heron
_JWO8150_cr,Grey-headed_Fish_Eagle
_JWO8254_cr,Little_Spiderhunter
_JWO8255_cr,Little_Spiderhunter
_JWO8261_cr,Little_Spiderhunter
_JWO8264_cr,Grey_Heron
_JWO8276_cr,Little_Spiderhunter
_JWO8282_cr,Little_Spiderhunter
_JWO8284_cr,Little_Spiderhunter
_JWO8294_cr,Little_Spiderhunter
_JWO8296_cr,Little_Spiderhunter
_JWO8306_cr,Little_Spiderhunter
_JWO8365_cr,Grey_Heron
_JWO8369_cr,Grey_Heron
_JWO8417_cr,White-tailed_Sea_Eagle
_JWO8418_cr,White-tailed_Sea_Eagle
_JWO8421_cr,White-tailed_Sea_Eagle
_JWO8432_cr,Crimson_Sunbird
_JWO8441_cr,Red_Junglefowl
_JWO8445_cr,Red_Junglefowl
_JWO8448_cr,White-tailed_Sea_Eagle
_JWO8449_cr,Red_Junglefowl
_JWO8454_cr,Crimson_Sunbird
_JWO8455_cr,White-tailed_Sea_Eagle
_JWO8480_cr,Crimson_Sunbird
_JWO8489_cr,Crimson_Sunbird
_JWO8496_cr,Blue-throated_Bee-eater
_JWO8499_cr,Blue-throated_Bee-eater
_JWO8508_cr,Blue-throated_Bee-eater
_JWO8565_cr,White-collared_Kingfisher
_JWO8606_cr,Striated_Heron
_JWO8633_cr,Striated_Heron
_JWO8642_cr,Striated_Heron
_JWO8646_cr,Striated_Heron
_JWO8675_cr,Striated_Heron
_JWO8684_cr,Striated_Heron
_JWO8711_cr,Striated_Heron
_JWO8725_cr,Stork-billed_Kingfisher
_JWO8731_cr,Stork-billed_Kingfisher
_JWO8741_cr,Grey_Heron
_JWO8742_cr,Stork-billed_Kingfisher
_JWO8746_cr,Stork-billed_Kingfisher
_JWO8798_cr,Stork-billed_Kingfisher
_JWO8826_cr,Stork-billed_Kingfisher
_JWO8855_cr,Brahmini_Kite
_JWO8856_cr,Brahmini_Kite
_JWO8859_cr,Brahmini_Kite
_JWO8973_1_cr,Striated_Heron
_JWO8974_cr,Striated_Heron
_JWO8978_cr,Stork-billed_Kingfisher
_JWO8979_cr,Stork-billed_Kingfisher
_JWO8987_cr,Striated_Heron
_JWO8989_cr,Buffy_Fish_Owl
_JWO8989a_cr,Striated_Heron
_JWO8993_cr,Buffy_Fish_Owl
_JWO9015_cr,Buffy_Fish_Owl
_JWO9021_cr,Buffy_Fish_Owl
_JWO9024_cr,Buffy_Fish_Owl
_JWO9030_1_cr,Stork-billed_Kingfisher
_JWO9030_cr,Stork-billed_Kingfisher
_JWO9033_cr,Buffy_Fish_Owl
_JWO9037_cr,Stork-billed_Kingfisher
_JWO9038_cr,Stork-billed_Kingfisher
_JWO9039_cr,Stork-billed_Kingfisher
_JWO9040_cr,Stork-billed_Kingfisher
_JWO9041_cr,Stork-billed_Kingfisher
_JWO9042_cr,Stork-billed_Kingfisher
_JWO9044_cr,Stork-billed_Kingfisher
_JWO9044a_cr,Stork-billed_Kingfisher
_JWO9048_cr,Stork-billed_Kingfisher
_JWO9050_cr,Stork-billed_Kingfisher
_JWO9053_cr,Stork-billed_Kingfisher
_JWO9054_cr,Stork-billed_Kingfisher
_JWO9090_cr,Stork-billed_Kingfisher
_JWO9092_cr,Buffy_Fish_Owl
_JWO9093_cr,Buffy_Fish_Owl
_JWO9097_cr,Buffy_Fish_Owl
_JWO9111_cr,Buffy_Fish_Owl
_JWO9113_cr,Stork-billed_Kingfisher
_JWO9114_cr,Buffy_Fish_Owl
_JWO9116_cr,Buffy_Fish_Owl
_JWO9118_cr,Stork-billed_Kingfisher
_JWO9126_cr,Buffy_Fish_Owl
_JWO9127_cr,Buffy_Fish_Owl
_JWO9130_cr,Buffy_Fish_Owl
_JWO9144_cr,Zitting_Cisticola
_JWO9153_cr,Stork-billed_Kingfisher
_JWO9155_cr,Stork-billed_Kingfisher
_JWO9167_cr,Stork-billed_Kingfisher
_JWO9176_cr,Stork-billed_Kingfisher
_JWO9178_cr,Stork-billed_Kingfisher
_JWO9179_cr,Stork-billed_Kingfisher
_JWO9180_cr,Stork-billed_Kingfisher
_JWO9181_cr,Stork-billed_Kingfisher
_JWO9185_cr,Stork-billed_Kingfisher
_JWO9186_cr,Stork-billed_Kingfisher
_JWO9193_cr,Stork-billed_Kingfisher
_JWO9201_cr,Stork-billed_Kingfisher
_JWO9212_cr,Stork-billed_Kingfisher
_JWO9244_cr,Stork-billed_Kingfisher
_JWO9259_cr,Zitting_Cisticola
_JWO9265_cr,Stork-billed_Kingfisher
_JWO9267_1_cr,Stork-billed_Kingfisher
_JWO9272_cr,Stork-billed_Kingfisher
_JWO9281_cr,Zitting_Cisticola
_JWO9296_cr,Zitting_Cisticola
_JWO9397_cr,White-bellied_Sea_Eagle
_JWO9399_cr,White-bellied_Sea_Eagle
_JWO9400_cr,White-bellied_Sea_Eagle
_JWO9401_cr,White-bellied_Sea_Eagle
_JWO9420_cr,White-bellied_Sea_Eagle
_JWO9422_cr,White-bellied_Sea_Eagle
_JWO9423_cr,White-bellied_Sea_Eagle
_JWO9425_cr,White-bellied_Sea_Eagle
_JWO9426_cr,White-bellied_Sea_Eagle
_JWO9427_cr,Zitting_Cisticola
_JWO9428_cr,White-bellied_Sea_Eagle
_JWO9430_cr,White-bellied_Sea_Eagle
_JWO9445_cr,White-bellied_Sea_Eagle
_JWO9460_cr,White-bellied_Sea_Eagle
_JWO9468_cr,White-bellied_Sea_Eagle
_JWO9469_cr,Zitting_Cisticola
_JWO9511_cr,Zitting_Cisticola
_JWO9527_cr,Black-winged_Kite
_JWO9528_cr,Black-winged_Kite
_JWO9529_cr,Black-winged_Kite
_JWO9531_cr,Black-winged_Kite
_JWO9590_cr,Zitting_Cisticola
_JWO9602_cr,Zitting_Cisticola
_JWO9651_cr,Black-winged_Kite
_JWO9660_cr,Black-winged_Kite
_JWO9661_cr,Black-winged_Kite
_JWO9667_cr,Black-winged_Kite
_JWO9669_cr,Black-winged_Kite
_JWO9677_cr,Black-winged_Kite
_JWO9696_cr,Black-winged_Kite
_JWO9711_cr,Black-winged_Kite
_JWO9719_cr,Black-winged_Kite
_JWO9747_cr,Black-winged_Kite
_JWO9754_cr,Black-winged_Kite
_JWO9755_cr,Black-winged_Kite
_JWO9756_cr,Black-winged_Kite
_JWO9757_cr,Black-winged_Kite
_JWO9775_cr,Common_Flamebacked_Woodpecker
_JWO9776_cr,Common_Flamebacked_Woodpecker
_JWO9796_1_cr,Oriental_Magpie_Robin
_JWO9799_cr,Black-winged_Kite
_JWO9800_cr,Black-winged_Kite
_JWO9822_cr,Oriental_Pied_Hornbill
_JWO9857_cr,Oriental_Pied_Hornbill
_JWO9880_cr,Oriental_Pied_Hornbill
_JWO9883_cr,Oriental_Pied_Hornbill
_JWO9897_cr,Brahmini_Kite
_JWO9898_cr,Brahmini_Kite
_JWO9899_cr,Brahmini_Kite
_JWO9904_cr,Brahmini_Kite
_JWO9919_cr,Brahmini_Kite
_JWO9925_cr,Brahmini_Kite
_JWO9926_cr,Brahmini_Kite
_JWO9930_cr,Brahmini_Kite
_JWO9950_1_cr,Banded_Woodpecker
_JWO9971_cr,Banded_Woodpecker
ch_sparrowhawk1,Chinese_Sparrowhawk
ch_sparrowhawk2,Chinese_Sparrowhawk
ch_sparrowhawk3,Chinese_Sparrowhawk
crested_goshawk02,Chinese_Sparrowhawk
Document Name_cr_1_cr,Pin-tailed_Whydah
File1382_cr,Oriental_Pied_Hornbill
File1395_cr,Oriental_Pied_Hornbill
File1408_cr,Oriental_Pied_Hornbill
File1498_cr,Oriental_Pied_Hornbill
File1499_cr,Oriental_Pied_Hornbill
File2827_cr,Oriental_Pied_Hornbill
sunda_pygmi01_cr,Sunda_Pygmy_Woodpecker
sunda_pygmi02_cr,Sunda_Pygmy_Woodpecker
